model,accuracy,macro_precision,macro_recall,macro_f1
cellPLM,0.888030888030888,0.7997952224079938,0.7721599820709868,0.7765227204363829
scVI,0.8674636174636174,0.7515846611958792,0.7622414223712553,0.7428711232569705
scFoundation,0.8338283338283339,0.7789110779218174,0.7101216579214875,0.7021887632597865
Geneformer,0.831006831006831,0.7264127107888246,0.6798178717155724,0.6852148752697631
scGPT,0.8463023463023464,0.688007842384568,0.6955093205222282,0.6631359849279235
